,Time spent,MSE,R_2
DASK_RandomForest,145.84944009780884,172.70606368612079,0.7933604633131696
DASK_ML_XGBoost,17.391208171844482,629.9814020828366,0.0
