,Time spent,MSE,R_2
DASK_RandomForest,145.93574500083923,171.83279628339238,0.7944053112336888
DASK_ML_XGBoost,15.983741283416748,629.9814020828366,0.0
